,date,text
0,27-07-2022,"At 6:45pm PT on @seanhannity, @TheLeoTerrell and I discuss: 

Boy, 16, who battered NYPD cop in subway station, freed less than 24 hours later asks judge if HE can press charges‚Äîafter Mayor said cases like his are making the Big Apple a 'laughing stock'

https://t.co/rkrOcA0xVA"
2,27-07-2022,Pelosi's husband dumps Nvidia stock as House eyes chip bill - Reuters https://t.co/Ib3vYbhYMT
3,27-07-2022,"Embark Technology eyes road to recovery in under-addressed opportunities - Seeking Alpha üìàBUY EMBKüìàYou can‚Äôt get into a Solid autonomous trucking firm at a Lower Entry Point, as with any stock there are risksüìàBut in my opinion, EMBK is a long term Gemüìà https://t.co/OHCqfe7iWo"
4,27-07-2022,"@DannyMullun Yeah, it‚Äôs hard to bet against Apple but I wouldn‚Äôt be buying stock of it within this environment. I don‚Äôt see how they can continue their growth with the economy like it is. 

If weakness doesn‚Äôt show this quarter it‚Äôs likely to begin Q3. 

Apple mid 2023 @ discounts IMO."
5,27-07-2022,I still find it hilarious that Apple single-handedly wiped 120% off Facebook's stock price. üòÇ
6,27-07-2022,"Looks like bulls are about to be played. Bad earnings releases, FOMC minutes = buy buy buy. What happens when the largest retail stock misses ($AAPL)? ‚Ä¶"
7,27-07-2022,#toprintoo: Apple Inc (AAPL) stock rose by 3.4235%! Currently priced at 156.79. https://t.co/Y720oauIN2
8,27-07-2022,"RT @savitz: Troubles are mounting for @Meta - soft ad budgets, competition from TikTok, ongoing trouble from the @Apple iOS privacy changes‚Ä¶"
9,27-07-2022,@LadyLibertas76 @ChaddingtonSC Buying Apple Stock
10,27-07-2022,"RT @InnsCrossMarket: We will soon be into apple season again and Autumn Harvest will have 
a plentiful selection of locally grown apples fr‚Ä¶"
11,27-07-2022,"CNBC - Stock futures fall slightly after big Fed rally, Meta shares decline @CNBC https://t.co/IZYZuwkcse"
12,27-07-2022,"Yep. Facebook has long since been in decline, Apple‚Äôs privacy changes sealed its fate. And Instagram looks like shit nowadays. No idea if Zuck can pull off the Metaverse but not a stock I have or will ever own. https://t.co/oeQDu8zSIV"
28,27-07-2022,"Qualcomm‚Äôs Q3 guidance falls short : the stock is dropping after hours despite better than expected Q2 figures.
 https://t.co/DAy7CDU1dQ"
13,27-07-2022,"@hopium4cope @Icarus39832944 @B0SSH066 @unusual_whales META already bombed Stock futures fall slightly after big Fed rally, Meta shares decline https://t.co/fuBVmG5Fb9"
15,27-07-2022,Pelosi's husband dumps Nvidia stock as House eyes chip bill - Reuters https://t.co/1ncgc4qp3g
16,27-07-2022,"Stock: $AAPL - Apple Inc.
*** NEWS ***
Apple signs Lamborghini exec to accelerate EV efforts - Bloomberg (NASDAQ:AAPL) - Seeking Alpha
https://t.co/VCqhtX7rQ6
Try now the Best Pivot Point Calculator!! https://t.co/b6QpiDd9fS
#tradingview
#stocks
#stockstowatch https://t.co/VVMDe3jytX"
17,27-07-2022,"AAPL Stock: Apple Earnings For Fiscal Third Quarter 2022

 #AAPL #Apple #Earnings #Fiscal #Quarter #Stock https://t.co/XQsjvDeFZe"
18,27-07-2022,"#Apple $AAPL Last 36 months Daily #StockMovement Line #Chart
Max downward movement was -12.86%
Max upward movement was 11.98%
Stock majorly moved between -1.78% and 2.1%
Start #investing in #GlobalStocks at https://t.co/peLniHQjpl 
#Investor https://t.co/vrxGO3tqRX"
19,27-07-2022,"Three Stock Lunch: Alphabet, Meta and Apple - CNBC https://t.co/0EVOXxY2uU"
20,27-07-2022,Apple Inc. stock outperforms competitors despite losses on the day - MarketWatch https://t.co/xT6Ap2CMFQ
21,27-07-2022,@ToivoTrades1 @dead_eye_si I don‚Äôt even own this stock‚Ä¶ y‚Äôall say the same thing about everything‚Ä¶ msft.. dumpster fire‚Ä¶ apple.. garbage‚Ä¶ no credibility anymore!
22,27-07-2022,@_KaranGoel @clockology It just behaves like any other stock apple watch face: it shrinks a bit in size and is being dimmed
23,27-07-2022,"RT @0xsumit: CubeX is not only NFT but a STOCK like Apple for future.üëá Trust the process. 
@cubexnft @TFGmykL 
#INCUBEXWETRUST #NFT #NFTCom‚Ä¶"
24,27-07-2022,"RT @Multi_Streaming: Dow jumps 370 points, Nasdaq jumps more than 3% as Powell says Fed could slow pace of rate hikes @CNBC https://t.co/51‚Ä¶"
25,27-07-2022,@ChaddingtonSC Buying Apple stock
26,27-07-2022,"#Earnings Tomorrow-P8
$WEX $WFRD $WING $WST $WTBA $WTW $XEL $ADVOF $ARR $CLST $CVLY $EFBI $GBOOY $HNNMY $HSBI $HTBK $ISTR $KCDMY $KSHB $KYSEY $LCNB $LYLT $MCBC $MOFG $NXGPY $OPBK $OTTW $PCB $QBIO $SAFE $SCSG $SGMA $SLRK $SRCO 
Free stocks app https://t.co/S59zN18Con"
1,27-07-2022,@ChaddingtonSC Buying Apple stock. Hitting my folks up for the funds.
27,27-07-2022,"RT @AbhipraGroup: #Apple $AAPL Last 6 months Daily #StockMovement Histogram #Chart
Max downward movement was -5.64%
Max upward movement was‚Ä¶"
29,27-07-2022,"Apple, https://t.co/nKz8Jj1bE1, Mastercard Earnings: 3 Things to Watch By https://t.co/xtNO4mf54t - https://t.co/xtNO4mf54t https://t.co/q11TZtfphz"
57,27-07-2022,"I‚Äôve been telling everyone around me, buy $AAPL stock‚Ä¶.because once they drop a vehicle I don‚Äôt care about recession talk, people are going to buy/lease what they can‚Äôt afford just so they can say ‚ÄúI got it first‚Äù ü§£üòÇ"
31,27-07-2022,"Dow jumps 475 points, Nasdaq jumps 4% as Powell says Fed could slow pace of rate hikes  https://t.co/tn0gHtf3sf"
32,27-07-2022,"#Qualcomm $QCOM Has An Excellent #Fundamental Analysis Score (FA Score). Check various FA Indicators' value, score, 5-year chart like P/E, P/B, P/S, D/E, ROE, ROA, ROIC, Gross Margin, EBITDA, etc #stocks #stock #StockMarket #Investment #investing https://t.co/Jj64hrpqst https://t.co/oqHkZ8jNDt"
33,27-07-2022,"ALERT Toronto Stock Exchange
First Majestic Silver Corp Common 
$FR.TO 9.13 
up +6.04%  
15:50 
https://t.co/19G0c2JfYs"
34,27-07-2022,"RT @juanmiguelworld: #APPLE STOCK JUMP ON ELECTRIC CAR RUMOR IN SEP...

$AAPL"
36,27-07-2022,#CrudeOil September #Futures #CL_F ‚¨Ü2.7% to $98.12 #oilprice #OilPriceWar #oilandgas #OPEC #opecmeeting #futurestrading #future #Investment #invest #investor #investors #investing #trading #stocks #stock #StockMarket #market https://t.co/wdPhiyfr3i https://t.co/UEPGeu90ur
37,27-07-2022,"2022-07-27 4:00 PM
$AAPL #Apple up 3.42% = $83.92 billion gain.

https://t.co/K1ofe0g496
(Jul 27) AAPL Stock: Apple Earnings For Fiscal Third Quarter 2022 | Investor's Business Daily https://t.co/7UF5XFVluA"
38,27-07-2022,"S&amp;P 500 E-mini #Futures #ES_F ‚¨Ü81.25 Points (2.06%) to 4,020.5 #SP500 $SPX $SPY #futurestrading #future #Investment #investing #trading #invest #investor #investors #stock #stocks #StockMarket #market https://t.co/wdPhiyfr3i https://t.co/sMWwiiZKsD https://t.co/E1AEjtN77h"
39,27-07-2022,"#NASDAQ E-mini #Futures #NQ_F ‚¨Ü384 Points (3.15%) to 12,580.25 #futurestrading #future #NASDAQ100 #Investment #investing #trading #invest #investor #investors #stock #stocks #StockMarket #market https://t.co/wdPhiyfr3i https://t.co/sMWwiiZKsD https://t.co/iOYFS7Ozoy"
40,27-07-2022,"RT @MITickWatcher: Wednesday's Top Flow in #technology sector, Buy Flow &amp; Sell Flow $NVDA $GOOGL $PAYX $GOOG $LRCX $AMAT $MSI $ORCL $TDC $E‚Ä¶"
41,27-07-2022,"Wednesday's Top Flow in #technology sector, Buy Flow &amp; Sell Flow $NVDA $GOOGL $PAYX $GOOG $LRCX $AMAT $MSI $ORCL $TDC $EBAY $AAPL $V $CSCO $INTC $QCOM $VZ $MSFT $IBM $MA $MCHP #stock #stocks #StockMarket #Investment #investing https://t.co/Gr3YvQQ4OY https://t.co/nJLZFvMrxQ"
42,27-07-2022,"""A rising tide lifts all boats."" $QQQ
$msft $goog $amzn $tsla $aapl $meta https://t.co/EZQmUDfNYm"
30,27-07-2022,$AMD Has A Weak #Technical Analysis Score (TA Score). Breakdown Of 3 Categories: #candle score Weak; moving average score Neutral; #momentum score Neutral #stocks #stock #StockMarket #Investment #investing https://t.co/B7BWRcVOEf https://t.co/3j4kq2bZGh
14,27-07-2022,"RT @bs_marker: Stock: $AAPL - Apple Inc.
*** NEWS ***
Apple signs Lamborghini exec to accelerate EV efforts - Bloomberg (NASDAQ:AAPL) - See‚Ä¶"
43,27-07-2022,"Wednesday's Top Flow in #consumer staples sector, Buy Flow &amp; Sell Flow $HSY $GIS $MNST $STZ $BF.B $BEAM $CAG $SJM $CPB $TSN $WMT $SYY $COST $MDLZ $PG $KO $PEP $MO $ADM $CVS #stock #stocks #StockMarket #Investment #investing #consumers https://t.co/Gr3YvQQ4OY https://t.co/aN1yYTXkQv"
46,27-07-2022,#silver September #Futures #SI_F ‚¨Ü2.81% to $19.04 #silverprice #goldprice #futurestrading #preciousmetals #Metal #future #Investment #investing #trading #invest #investor #investors #stocks #stock #StockMarket #market https://t.co/wdPhiyfr3i https://t.co/XHC2bU7XYh
47,27-07-2022,"#Earnings Tomorrow-P9
$UTMD $WMMVY $YVR 
Free stocks app https://t.co/S59zN18Con"
48,27-07-2022,"#Earnings Tomorrow-P1
$AAPL $AETUF $AIRC $AJG $ALEX $AMSF $AMZN $APPF $ATR $AUY $AVTR $AXTI $BIO $BSMX $BWMX $BY $BZH $CBTX $CC $CE $CLFD $CLR $COHU $CPT $CTO $CUZ $CVRX $CWST $DAIO $DECK $DLR $DPMLF $DRQ $DXCM $EB $EBC $EGO 
Free stocks app https://t.co/S59zN18Con"
49,27-07-2022,"Wednesday's Top Flow in #energy sector, Buy Flow &amp; Sell Flow $SE $KMI $HAL $EOG $RIG $HES $WMB $NBR $SWN $EQT $XOM $PXD $VLO $MPC $CVX $OXY $COP $SLB $PSX $DVN #stock #stocks #StockMarket #Investment #investing #OilPrice #Oil #oilandgas https://t.co/Gr3YvQQ4OY https://t.co/seSshOW3Kv"
50,27-07-2022,"Wednesday's Top Flow in S&amp;P 500 #SP500, Buy Flow &amp; Sell Flow $TSLA $NVDA $HON $BKNE $GOOGL $FTNT $PAYX $SHW $GOOG $DIS $AAPL $CMCSA $KEY $BA $NEM $V $TROW $GILD $META $HUM #stock #stocks #StockMarket #Investment #investing https://t.co/Gr3YvQQ4OY https://t.co/iKYeN3ZTLC"
51,27-07-2022,"@angelogiomateo @dunbar151 @naxuu No, I don‚Äôt attribute major shifts in the overall economy to Apple changing its privacy policy. But for a company like Meta/Facebook, Apple‚Äôs change has led to a real, measurable revenue drop that has affected stock price and probably pace of hiring."
117,27-07-2022,RT @OptionsProVol: $AMD Has A Weak #Technical Analysis Score (TA Score). Breakdown Of 3 Categories: #candle score Weak; moving average scor‚Ä¶
53,27-07-2022,"RT @joehick58: Dow jumps 200 points, Nasdaq jumps nearly 3% as Powell says Fed could slow pace of rate hikes @CNBC https://t.co/HPmXL92z9q"
54,27-07-2022,"RT @networkchain: A lot of macro economic news coming out tomorrow, we will find out if we are in a recession, defined as 2 negative quarte‚Ä¶"
55,27-07-2022,Im expecting apple earnings to bring the stock down
56,27-07-2022,"Wednesday's Top Flow in #industrial sector, Buy Flow &amp; Sell Flow $HON $CMI $GD $RSG $TXT $PWR $DAL $DHR $DOV $ITW $BA $UNP $ROK $GWW $PNR $PH $NOC $CAT $CHRW $DE #stock #stocks #StockMarket #Investment #investing https://t.co/Gr3YvQQ4OY https://t.co/RahZ6uWc5J"
44,27-07-2022,"Troubles are mounting for @Meta - soft ad budgets, competition from TikTok, ongoing trouble from the @Apple iOS privacy changes. The company is forecasting a sharp year-over-year revenue decline for the September quarter. https://t.co/q24GKK5eZe"
45,27-07-2022,RT @1finekitty: Pelosi's husband dumps Nvidia stock as House eyes chip bill - Reuters https://t.co/bapMnWY1r6
58,27-07-2022,@Younggee Thanks. I get tons of compliments. U gotta go inside the Apple store and MAYBE they have some in stock. It was never available online when I got it last year.
52,27-07-2022,"Wednesday's Top Flow in #StockMarket, Buy Flow &amp; Sell Flow $SPY $TSLA $FXI $NVDA $HYG $ARKK $MRVL $HON $ASML $BKNG $QQQ $MUB $AAPL $LQD $IWM $CMCSA $KEY $ITOT $BA $SNAP #stock #stocks #Investment #investing https://t.co/Gr3YvQQ4OY https://t.co/XDBpFT8HmM"
60,27-07-2022,"ALERT Toronto Stock Exchange
Ivanhoe Mines Ltd 
$IVN.TO 7.51 
up +8.84%  
15:59 
https://t.co/19G0c2JfYs"
62,27-07-2022,"ALERT Toronto Stock Exchange
Interfor Corp 
$IFP.TO 31.64 
up +11.33%  
16:00 
https://t.co/19G0c2JfYs"
63,27-07-2022,"ALERT Toronto Stock Exchange
Hut 8 Mining Corp 
$HUT.TO 2.56 
up +13.27%  
16:00 
https://t.co/19G0c2JfYs"
64,27-07-2022,"RT @OptionsProVol: $BABA #Options #maxpain Chart, Open Interest Chart Update #OptionsTrading #OptionsFlow #optionstrade #optiontrading #sto‚Ä¶"
65,27-07-2022,Dow jumps more than 400 points as Powell says Fed could slow pace of rate hikes ‚Å¶ https://t.co/6Ze6gyu5pk
66,27-07-2022,Pelosi's husband dumps Nvidia stock as House eyes chip bill - Reuters https://t.co/bapMnWY1r6
88,27-07-2022,"Apple and AirPods are back and are on sale again, not in stock again https://t.co/ovyPKOnae5"
68,27-07-2022,The Market is insane !!!   #hedgefunds #stockmarket #cboe #options #stock #investments #money https://t.co/dmNp7XspfD
69,27-07-2022,$AAPL the timing is impecable!  (a day before earnings) It just tells me ‚ÄúTim Apple‚Äù won‚Äôt be able to issue another amazing quarter.  The stock is coming in HOT IN TO EARNINGS.  However an Apple/Lambo baby could make all the difference.  https://t.co/mfQPLuaNKq
70,27-07-2022,"Apple Inc. stock rises Wednesday, still underperforms¬†market https://t.co/EMLeo99hzK"
71,27-07-2022,"#DowJones Surges; #Powell Gives This Signal Amid Big #FederalReserve Rate Hike; #Google Earnings Boosts These #Stocks. $GOOGL $MSFT $AAPL $META

https://t.co/tazohLFFjM"
72,27-07-2022,"RT @wallace_hc: Senate approves $280 billion bill to boost U.S. science, chip production - The Wall Street Journal. While Intel is able to‚Ä¶"
73,27-07-2022,Spotify stock shoots toward best day since 2020 as CEO says ‚Äòit‚Äôs hard to be anything but optimistic‚Äô - MarketWatch ‚Å¶@Spotify‚Å©  https://t.co/PScuu27uiN
61,27-07-2022,"ALERT Toronto Stock Exchange
Iamgold Corp 
$IMG.TO 1.86 
up +5.68%  
16:00 
https://t.co/19G0c2JfYs"
67,27-07-2022,RT @mojmir_hlinka: Dow jumps 550 points as Powell says Fed could slow pace of rate hikes @CNBC https://t.co/A2cs0balyl
76,27-07-2022,"Apple Inc. stock rises Wednesday, still underperforms market - MarketWatch https://t.co/n3wZTsIZEl https://t.co/QRdcX8nEXr"
77,27-07-2022,"Take a deep breath‚Ä¶ relax

That was one hurdle that needed to be cleared for bulls üêÇ #FOMC 

We still have GDP coming out tomorrow and major earnings as well $aapl $amzn"
78,27-07-2022,"Apple, https://t.co/45tvacxFXs, Mastercard Earnings: 3 Things to Watch - https://t.co/AzlTakAmJR"
79,27-07-2022,"$LFLY #Options #maxpain Chart, Open Interest Chart Update #OptionsTrading #OptionsFlow #optionstrade #optiontrading #stocks #stock #StockMarket #Investment #investing #invest #investor #investors #UOA https://t.co/I8hjTlnne3 https://t.co/yPBjdhXsKv"
80,27-07-2022,"RT @InvestingStockz: Apple, https://t.co/45tvacxFXs, Mastercard Earnings: 3 Things to Watch - https://t.co/AzlTakAmJR"
81,27-07-2022,"@apple, I'll drop. my bad attitude, Ive dropped all my money, I have like a dollar, I can even buy twitter stock, I need a job! https://t.co/LB9YiUz3ur"
82,27-07-2022,"3/ Tomorrow, two other players of the MAMAA tech giants - Apple &amp; Amazon will announce their Q2 earnings, also US GDP report will be released ‚è∞

Another wave is on the way, stirring the waters in the #stock and #crypto market ... üåä

$AAPL $AMZN https://t.co/EwW7i3Ix1T"
74,27-07-2022,$AAPL #Options OI chart. Free stock apps https://t.co/7Rm8mjs1IV https://t.co/udiOAgMerZ
83,27-07-2022,Dow jumps more than 400 points as Powell says Fed could slow pace of rate hikes @CNBC https://t.co/cCY1iZKxiC
84,27-07-2022,"$QCOM, $WMT, $T, $VZ, $TGT, $BBY $STX all said the consumer is stressed and spending on consumer electronics - including smartphones- is a bit difficult. That doesn't bode well for $AAPL. Is it in the stock? I have no position."
85,27-07-2022,"RT @InvestingStockz: Apple, https://t.co/45tvacxFXs, Mastercard Earnings: 3 Things to Watch - https://t.co/AzlTakAmJR"
86,27-07-2022,NEW POST:  Stock Market Recap 07/27/22 {Video} https://t.co/nwuRdTlhf0 $AAPL $AMZN $META $QQQ $USO
75,27-07-2022,Wow. @Apple stock today? Nice moves.
116,27-07-2022,"$AAPL ‚ö†Ô∏è Tomorrow ‚ö†Ô∏è

Recap:

Stock slid 8% on Thursday

Apple Lost $180 Billion In Market Value on Thursday. It‚Äôs the Biggest Loss For Any Company Ever. https://t.co/ZHBdrxl6X5 $spy $meta $qqq $amd $nvda"
87,27-07-2022,$AMD Has A Weak #Technical Analysis Score (TA Score). Breakdown Of 3 Categories: #candle score Weak; moving average score Neutral; #momentum score Neutral #stocks #stock #StockMarket #Investment #investing https://t.co/I8hjTlEqg3 https://t.co/AhbU0cC9Xj
89,27-07-2022,One thing about apple they will talk about that car right before the stock falls
91,27-07-2022,"@MissezOfficer26 @ItMeansCovfefe @citsecurities Yeah imagine the amount of buying pressure you‚Äôd see in a stock like aapl occurring in a small cap illiquid stock like amc , of course some aren‚Äôt going to be delivered because people are trying to buy more shares than exist (fake shares)"
92,27-07-2022,"RT @realalexvieira: Breaking. Alex Vieira Sells $3 Billion in Stock in Honor of Powell's ""No Recession, the Worst is Over."" $TSLA $QQQ $SPY‚Ä¶"
93,27-07-2022,"Senate approves $280 billion bill to boost U.S. science, chip production - The Wall Street Journal. While Intel is able to receive financial help under this plan they have 10 $Billion in stock buy backs on their books now. https://t.co/aDUm6HNNwT"
94,27-07-2022,@decquan I just got some apple stock when I was vacation it‚Äôs like 152 or something like that
59,27-07-2022,"#Apple $AAPL Last 6 months Daily #StockMovement Histogram #Chart
Max downward movement was -5.64%
Max upward movement was 6.98%
Stock majorly moved between -2.51% and 2.29%
Start #investing in #GlobalStocks at https://t.co/peLniHQjpl 
#Investor https://t.co/im5H3knh2g"
96,27-07-2022,"RT @MrD25138216: Huh. Suggest we publish Paul‚Äôs purchases in a stock watch list. 
Sell subscriptions.
Make lots of $ by selling the list &amp;‚Ä¶"
97,27-07-2022,"@Google Stock Rises As Search Advertising In Q2 Remains Strong

https://t.co/Gjy3jlhOIL

#google #alphabet #googlestock #youtube #googlesearch #googl $googl #digitaladvertising #digitalads #earnings #q2 #stockperformance #sergeybrin #larrypage #snap #snapchat #apple #appl #cloud"
98,27-07-2022,"RT @TickwatcherMF: $BBD #Options #maxpain Chart, Open Interest Chart Update #OptionsTrading #OptionsFlow #optionstrade #optiontrading #stoc‚Ä¶"
99,27-07-2022,Fed Hikes Rates Another 75 bps. Treasury Yields Fall. Inflation Remains Stubbornly High ‚Ä¶ AND the Stock Markets Respond With a Big Bang Upward!!  @CNBC #Fed #ratehikes #yields #Treasurys #stocks #markets #inflation #recession #investing #trading  https://t.co/0XOwgFqZdB
100,27-07-2022,Mega cap stock and option trading model subscriptions available at Profectus Systems $MSFT $AMZN $GOOGL $AAPL $FB $XOM $JNJ $BABA $GE $T
101,27-07-2022,"RT @OptionsProVol: $NCLH #Options #maxpain Chart, Open Interest Chart Update #OptionsTrading #OptionsFlow #optionstrade #optiontrading #sto‚Ä¶"
102,27-07-2022,"I Wear These Loafers Everyday, They're Finally In Stock &amp; On Sale - STYLECASTER https://t.co/L9mJ5gsMCw"
95,27-07-2022,"RT @OptionsProVol: $COIN #Options #maxpain Chart, Open Interest Chart Update #OptionsTrading #OptionsFlow #optionstrade #optiontrading #sto‚Ä¶"
103,27-07-2022,"$APLE Apple Hospitality REIT Successfully Upsizes and Extends Primary Unsecured Credit Facility, Enhancing Balance Sheet Strength and Flexibility
https://t.co/dp25omV5Ro

#apple"
105,27-07-2022,"Breaking. Alex Vieira Sells $3 Billion in Stock in Honor of Powell's ""No Recession, the Worst is Over."" $TSLA $QQQ $SPY #investing #crypto #ukraine #usa $PINS $META $SNAP $AAPL $GOOGL $SPOT $NVDA $MSFT $PYPL $AMD $CMG #earnings $UBER https://t.co/KuZSOX8eVP"
106,27-07-2022,"RT @TickwatcherMF: $CLF #Options #maxpain Chart, Open Interest Chart Update #OptionsTrading #OptionsFlow #optionstrade #optiontrading #stoc‚Ä¶"
107,27-07-2022,I am betting Apple may not have a good earnings.. The stock should crash tom and on Friday and next week.. I may loose 1500 USD on my bet.. but if i win Which is expected to be 10-25 K all will go in AMC
108,27-07-2022,"Top #moneyflow for #sp500 today
$AAPL $CMCSA $KEY $BA $NEM $CSCO $GILD $HUM $XOM $QCOM ...
https://t.co/S59zN18Con"
109,27-07-2022,"Top #moneyflow for #nasdaq today
$AAPL $CMCSA $CSCO $GILD $QCOM $COST $NFLX $INTC $MSFT $MCHP ...
https://t.co/S59zN18Con"
110,27-07-2022,"Top #moneyflow for whole #market today
$SPY $QQQ $MUB $LQD $AAPL $EEM $IWM $CMCSA $KEY $ITOT ...
https://t.co/S59zN18Con"
111,27-07-2022,"Dow jumps 400 points, Nasdaq jumps nearly 3% as Powell says Fed could slow pace of rate hikes @CNBC https://t.co/3qgB1HULGl"
112,27-07-2022,RT @amtvmedia: Dow jumps 550 points as Powell says Fed could slow pace of rate hikes @CNBC  https://t.co/OMHYPIH77d
113,27-07-2022,"Top Decliners (&gt;$5)
$NBLRF $STEK $TPB $PYPS $BERZ $WEBS $FNGD $TENB $SOXS $SAVA $HIBS $RDBX $TECS $BNOX $FLYD $SQQQ $STBL $XELAP $TOP $IMRX $SSG $MLYBY $TZOO $REW $ZWS $SGMA $SHW $GYRO $NVDS $BITI
https://t.co/S59zN18Con"
114,27-07-2022,"Most mentioned tickers on Twitter (Last Hour):

1. $TSLA
2. $AAPL
3. $META
4. $PYPL
5. $MSFT"
115,27-07-2022,"Most mentioned tickers on WallStreetBets (Last Hour):

1. $META
2. $IS
3. $AAPL
4. $F
5. $WE"
90,27-07-2022,RT @1finekitty: Pelosi's husband dumps Nvidia stock as House eyes chip bill - Reuters https://t.co/bapMnWY1r6
104,27-07-2022,@carlquintanilla @JohnSpall247 just some minor noise to pump #Apple stock before earnings. $AAPL is extremely expensive compared to the broader #StockMarket
124,27-07-2022,"ALERT Toronto Stock Exchange
Cenovus Energy Inc 
$CVE.TO 23.75 
up +5.27%  
15:50 
https://t.co/19G0c2JfYs"
35,27-07-2022,"#gold August #Futures #GC_F ‚¨Ü0.99% to $1,732.4 #goldprice #silverprice #futurestrading #preciousmetals #Metal #future #Investment #investing #trading #invest #investor #investors #stocks #stock #StockMarket #market https://t.co/wdPhiyfr3i https://t.co/yzWIsrKjt3"
193,27-07-2022,Pelosi's husband dumps Nvidia stock as House eyes chip bill  https://t.co/oB1xJotboB
121,27-07-2022,"ALERT Toronto Stock Exchange
Endeavour Silver Corp 
$EDR.TO 4.32 
up +5.88%  
15:50 
https://t.co/19G0c2JfYs"
122,27-07-2022,"ALERT Toronto Stock Exchange
Denison Mines Corp 
$DML.TO 1.545 
up +7.29%  
15:50 
https://t.co/19G0c2JfYs"
123,27-07-2022,"ALERT Toronto Stock Exchange
Docebo Inc 
$DCBO.TO 39.27 
up +5.74%  
15:50 
https://t.co/19G0c2JfYs"
125,27-07-2022,"ALERT Toronto Stock Exchange
Capstone Mining Corp 
$CS.TO 2.635 
up +7.99%  
15:50 
https://t.co/19G0c2JfYs"
126,27-07-2022,"ALERT Toronto Stock Exchange
Cameco Corp 
$CCO.TO 32.3 
up +8.39%  
15:41 
https://t.co/19G0c2JfYs"
127,27-07-2022,"ALERT Toronto Stock Exchange
Baytex Energy Corp 
$BTE.TO 6.785 
up +5.52%  
15:41 
https://t.co/19G0c2JfYs"
128,27-07-2022,"ALERT Toronto Stock Exchange
Ballard Power Systems Inc 
$BLDP.TO 9.07 
up +6.58%  
15:49 
https://t.co/19G0c2JfYs"
129,27-07-2022,"Earnings happening tomorrow
2022-07-28: 
$AAPL
$AMZN
$MA
$PFE
$MRK"
130,27-07-2022,"#American Airlines $AAL Has A Good #Fundamental Analysis Score (FA Score). Check various FA Indicators' value, score, 5-year chart like P/E, P/B, P/S, D/E, ROE, ROA, ROIC, Gross Margin, EBITDA, etc #stocks #stock #StockMarket #Investment #investing https://t.co/Gr3YvQQ4OY https://t.co/9AFz1sZ3fh"
131,27-07-2022,"#APPLE STOCK JUMP ON ELECTRIC CAR RUMOR IN SEP...

$AAPL"
132,27-07-2022,Closed my position in $AAPL. I‚Äôm all out. Hope to be back in again! üçé #stock #receiptsüßæ https://t.co/AuFf0diXRn
176,27-07-2022,"#Shopify $SHOP Has A Poor #Fundamental Analysis Score (FA Score). Check various FA Indicators' value, score, 5-year chart like P/E, P/B, P/S, D/E, ROE, ROA, ROIC, Gross Margin, EBITDA, etc #stocks #stock #StockMarket #Investment #investing https://t.co/Gr3YvQQ4OY https://t.co/OsNf8KwICd"
120,27-07-2022,"$AMD company #profile, #Fundamental and #Technical Analysis Score Update (FA Score, TA Score) #stocks #stock #StockMarket #Investment #investing #invest #investor #investors https://t.co/IWZSYMAia0 https://t.co/CKQvDndFjr"
133,27-07-2022,RT @DrewDBrandt: Nancy Pelosi And Husband Sell NVIDIA Corp Stock After Public Pressure: Here's How Much She Lost And What's Next $NVDA $AAP‚Ä¶
136,27-07-2022,"$AMZN company #profile, #Fundamental and #Technical Analysis Score Update (FA Score, TA Score) #stocks #stock #StockMarket #Investment #investing #invest #investor #investors https://t.co/Jj64hrpqst https://t.co/raTzWczBKV"
137,27-07-2022,"$NCLH #Options #maxpain Chart, Open Interest Chart Update #OptionsTrading #OptionsFlow #optionstrade #optiontrading #stocks #stock #StockMarket #Investment #investing #invest #investor #investors #UOA https://t.co/I8hjTlEqg3 https://t.co/W06wsemQXx"
138,27-07-2022,"$CCL company #profile, #Fundamental and #Technical Analysis Score Update (FA Score, TA Score) #stocks #stock #StockMarket #Investment #investing #invest #investor #investors https://t.co/Jj64hrpqst https://t.co/MsWEGek0Nv"
139,27-07-2022,"$BBD #Options #maxpain Chart, Open Interest Chart Update #OptionsTrading #OptionsFlow #optionstrade #optiontrading #stocks #stock #StockMarket #Investment #investing #invest #investor #investors #UOA https://t.co/B7BWRcVOEf https://t.co/B4Kx0PoJHf"
140,27-07-2022,"$AAPL company #profile, #Fundamental and #Technical Analysis Score Update (FA Score, TA Score) #stocks #stock #StockMarket #Investment #investing #invest #investor #investors https://t.co/Gr3YvQQ4OY https://t.co/evGhCzD1pd"
141,27-07-2022,RT @TickwatcherMF: $AMD Has A Weak #Technical Analysis Score (TA Score). Breakdown Of 3 Categories: #candle score Weak; moving average scor‚Ä¶
142,27-07-2022,"RT @OptionsProVol: $COIN #Options #maxpain Chart, Open Interest Chart Update #OptionsTrading #OptionsFlow #optionstrade #optiontrading #sto‚Ä¶"
118,27-07-2022,"ALERT Toronto Stock Exchange
Hudbay Minerals Inc 
$HBM.TO 4.465 
up +5.56%  
15:51 
https://t.co/19G0c2JfYs"
144,27-07-2022,"$BABA #Options #maxpain Chart, Open Interest Chart Update #OptionsTrading #OptionsFlow #optionstrade #optiontrading #stocks #stock #StockMarket #Investment #investing #invest #investor #investors #UOA https://t.co/I8hjTlEqg3 https://t.co/0k2uBX8t5p"
145,27-07-2022,"$PBR #Options #maxpain Chart, Open Interest Chart Update #OptionsTrading #OptionsFlow #optionstrade #optiontrading #stocks #stock #StockMarket #Investment #investing #invest #investor #investors #UOA https://t.co/B7BWRcVOEf https://t.co/rueY8NVTUl"
146,27-07-2022,"Todays top 5 most controversial stock tickers, mention count, and sentiment according to WSB:
$MSFT: 43, 7.27% Bullish
$AAPL: 40, -8.26% Bearish
$TSLA: 39, -6.80% Bearish
$GME: 35, -6.59% Bearish
$GOOG: 30, 6.09% Bullish

Gathered from 16431 comments"
134,27-07-2022,"$CLF #Options #maxpain Chart, Open Interest Chart Update #OptionsTrading #OptionsFlow #optionstrade #optiontrading #stocks #stock #StockMarket #Investment #investing #invest #investor #investors #UOA https://t.co/B7BWRcVOEf https://t.co/QIk0ChovHh"
135,27-07-2022,"$AMZN company #profile, #Fundamental and #Technical Analysis Score Update (FA Score, TA Score) #stocks #stock #StockMarket #Investment #investing #invest #investor #investors https://t.co/IWZSYMAia0 https://t.co/TPMRs2UqsK"
177,27-07-2022,"Stock: $AAPL - 
*** REALTIME TREND ***
BUY
R1 = 152.86
LAST = 156.89 
S1 = 150.57 
Try now the Best Pivot Point Calculator!! https://t.co/UMhcsrP9l0
#tradingview
#stocks
#stockstowatch https://t.co/JJHusjrWHt"
147,27-07-2022,"$BAC #Options #maxpain Chart, Open Interest Chart Update #OptionsTrading #OptionsFlow #optionstrade #optiontrading #stocks #stock #StockMarket #Investment #investing #invest #investor #investors #UOA https://t.co/I8hjTlEqg3 https://t.co/ZoDrzjexnt"
149,27-07-2022,Dow jumps 550 points as Powell says Fed could slow pace of rate hikes @CNBC https://t.co/5JwckhPCsH
151,27-07-2022,"$GOLD #Options #maxpain Chart, Open Interest Chart Update #OptionsTrading #OptionsFlow #optionstrade #optiontrading #stocks #stock #StockMarket #Investment #investing #invest #investor #investors #UOA https://t.co/I8hjTlEqg3 https://t.co/FVviGZQLMT"
152,27-07-2022,"to clear up confusion, I mean ""stock"" like products, like apple trees or shoes, not stock like the ghey stocks &amp; bonds stuff https://t.co/hNEtlNDrgB"
153,27-07-2022,#Options Flow Stream Update $AAPL $TSLA $META $QCOM $GOOG $QQQ $SPX $SPY #OptionsTrading #OptionsFlow #optionstrade #optiontrading #stock #stocks #StockMarket #Investment #investing #invest #investor #investors #UOA https://t.co/IWZSYMAia0 https://t.co/e74Xc5POKI
154,27-07-2022,Dow jumps 550 points as Powell says Fed could slow pace of rate hikes @CNBC https://t.co/A2cs0balyl
155,27-07-2022,"$ET #Options #maxpain Chart, Open Interest Chart Update #OptionsTrading #OptionsFlow #optionstrade #optiontrading #stocks #stock #StockMarket #Investment #investing #invest #investor #investors #UOA https://t.co/B7BWRcVOEf https://t.co/VfqbeOmks7"
156,27-07-2022,"$UBER #Options #maxpain Chart, Open Interest Chart Update #OptionsTrading #OptionsFlow #optionstrade #optiontrading #stocks #stock #StockMarket #Investment #investing #invest #investor #investors #UOA https://t.co/I8hjTlEqg3 https://t.co/N9rRe3IfGq"
157,27-07-2022,"$VALE #Options #maxpain Chart, Open Interest Chart Update #OptionsTrading #OptionsFlow #optionstrade #optiontrading #stocks #stock #StockMarket #Investment #investing #invest #investor #investors #UOA https://t.co/B7BWRcVOEf https://t.co/fzBxpufP2l"
158,27-07-2022,"$AMC #Options #maxpain Chart, Open Interest Chart Update #OptionsTrading #OptionsFlow #optionstrade #optiontrading #stocks #stock #StockMarket #Investment #investing #invest #investor #investors #UOA https://t.co/I8hjTlEqg3 https://t.co/rIr6Ao244F"
159,27-07-2022,"#Advanced Micro Devices $AMD Has An Excellent #Fundamental Analysis Score (FA Score). Check various FA Indicators' value, score, 5-year chart like P/E, P/B, P/S, D/E, ROE, ROA, ROIC, Gross Margin, EBITDA, etc #stocks #stock #StockMarket #Investment https://t.co/Gr3YvQQ4OY https://t.co/YGG52KE9LS"
160,27-07-2022,"@big_perez @DanKilpatrick3 @DonnyB795 @MichaelBreed I haven't heard that, but that's what I was thinking, a decent size company with ties to a few players.  That would open the door especially their stock/market share doesn't tank. I don't see Titleist doing it yet but you can't tell me they haven't looked at it."
161,27-07-2022,Google stock notches second-best day of 2022 after earnings release  https://t.co/25B6KNiUna
162,27-07-2022,"$CMCSA #Options #maxpain Chart, Open Interest Chart Update #OptionsTrading #OptionsFlow #optionstrade #optiontrading #stocks #stock #StockMarket #Investment #investing #invest #investor #investors #UOA https://t.co/B7BWRcVOEf https://t.co/HaFYvwe377"
148,27-07-2022,RT @OptionsMaxPain: #Options Flow Stream Update $AAPL $TSLA $BABA $EPD $SE $V $QQQ $SPX $SPY #OptionsTrading #OptionsFlow #optionstrade #op‚Ä¶
163,27-07-2022,"#Shopify $SHOP Has A Poor #Fundamental Analysis Score (FA Score). Check various FA Indicators' value, score, 5-year chart like P/E, P/B, P/S, D/E, ROE, ROA, ROIC, Gross Margin, EBITDA, etc #stocks #stock #StockMarket #Investment #investing https://t.co/Jj64hrpqst https://t.co/GWBavMPNGn"
165,27-07-2022,#Options Flow Stream Update $AAPL $TSLA $RUT $SPY $QQQ $SPX #OptionsTrading #OptionsFlow #optionstrade #optiontrading #stock #stocks #StockMarket #Investment #investing #invest #investor #investors #UOA https://t.co/B7BWRcVOEf https://t.co/thThLrr4Ut
166,27-07-2022,#Options Flow Stream Update $AAPL $TSLA $RUT $SPY $QQQ $SPX #OptionsTrading #OptionsFlow #optionstrade #optiontrading #stock #stocks #StockMarket #Investment #investing #invest #investor #investors #UOA https://t.co/Jj64hrpqst https://t.co/m109HuRu8o
167,27-07-2022,RT @amtvmedia: Dow jumps 550 points as Powell says Fed could slow pace of rate hikes @CNBC  https://t.co/OMHYPIH77d
168,27-07-2022,"https://t.co/1lZJfNWRAD free options trading workshops online 
Google stock notches second-best day of 2022 after earnings release @CNBC https://t.co/LDwRx57bQi"
169,27-07-2022,"#Alphabet $GOOGL Has A Neutral #Fundamental Analysis Score (FA Score). Check various FA Indicators' value, score, 5-year chart like P/E, P/B, P/S, D/E, ROE, ROA, ROIC, Gross Margin, EBITDA, etc #stocks #stock #StockMarket #Investment #investing https://t.co/Gr3YvQQ4OY https://t.co/ZrMPTTszc3"
170,27-07-2022,"https://t.co/1lZJfNWRAD free options trading workshops online 
Dow jumps 550 points as Powell says Fed could slow pace of rate hikes @CNBC https://t.co/bQ6N02yhE4"
171,27-07-2022,RT @amtvmedia: Dow jumps 550 points as Powell says Fed could slow pace of rate hikes @CNBC  https://t.co/OMHYPIH77d
172,27-07-2022,RT @amtvmedia: Dow jumps 550 points as Powell says Fed could slow pace of rate hikes @CNBC  https://t.co/OMHYPIH77d
173,27-07-2022,‚ÄúBig Tech earnings will decide the fate of the stock market this week‚Äù https://t.co/mlr7QOfHIS @fastcompany
174,27-07-2022,"@catturd2 Bloomberg analyst Marc Rubenstein reports BlackRock invested in social &amp; renewable energy &amp; lost $1.7T for its investors. The losers were Apple, Microsoft, Amazon &amp; Tesla. Since January SEC records show the worst bond &amp; stock losses in 50 years. Biden is on a roll."
175,27-07-2022,Dow jumps 550 points as Powell says Fed could slow pace of rate hikes @CNBC  https://t.co/OMHYPIH77d
150,27-07-2022,Nancy Pelosi And Husband Sell NVIDIA Corp Stock After Public Pressure: Here's How Much She Lost And What's Next $NVDA $AAPL $GOOG https://t.co/9c0ANxrt5f via @Benzinga
164,27-07-2022,RT @amtvmedia: UP ONLY üÜô  https://t.co/rs5HUdXgMc
178,27-07-2022,"Apple Taps Lamborghini Excutive to Work on Its Electric Car
$AAPL 
View more: https://t.co/teCY5VxgU9
#Ainvest #Ainvest_Wire #Finance #StockIntelligence #Stock https://t.co/RzoSTaJJic"
143,27-07-2022,"$COIN #Options #maxpain Chart, Open Interest Chart Update #OptionsTrading #OptionsFlow #optionstrade #optiontrading #stocks #stock #StockMarket #Investment #investing #invest #investor #investors #UOA https://t.co/I8hjTlEqg3 https://t.co/EgTSF47SCu"
210,27-07-2022,RT @amtvmedia: UP ONLY üÜô  https://t.co/rs5HUdXgMc
181,27-07-2022,"#Garmin $GRMN Has An Excellent #Fundamental Analysis Score (FA Score). Check various FA Indicators' value, score, 5-year chart like P/E, P/B, P/S, D/E, ROE, ROA, ROIC, Gross Margin, EBITDA, etc #stocks #stock #StockMarket #Investment #investing https://t.co/Gr3YvQQ4OY https://t.co/KQ3qAg5aaW"
182,27-07-2022,$SHOP Has A Weak #Technical Analysis Score (TA Score). Breakdown Of 3 Categories: #candle score Neutral; moving average score Weak; #momentum score Neutral #stocks #stock #StockMarket #Investment #investing https://t.co/B7BWRcVOEf https://t.co/BmmE1Fh2rM
183,27-07-2022,RT @TickwatcherMF: #Options Flow Grid Update $T #OptionsTrading AT&amp;T Shares ‚¨ÜÔ∏è0.63% to $18.41 #OptionsFlow #streaming #stocks #stock #Stock‚Ä¶
184,27-07-2022,RT @OptionsProVol: #Options Flow Grid Update $F #OptionsTrading #Ford Shares ‚¨ÜÔ∏è4.78% to $13.14 #OptionsFlow #stocks #stock #StockMarket #in‚Ä¶
179,27-07-2022,Apple‚Äôs iPhone Gains May Stall Next Year. Analyst Expects a Great 2024. https://t.co/rIyeCUpTae
186,27-07-2022,"RT @TheRewiredSoul: In this new episode, I chat with @Spencerjakab about his fantastic book diving deep into 2021's meme stock craze.

We d‚Ä¶"
187,27-07-2022,#Options Flow Grid Update $INTC #OptionsTrading #Intel Shares ‚¨ÜÔ∏è3.64% to $40.38 #OptionsFlow #stocks #stock #StockMarket #investing #Investment https://t.co/B7BWRcVOEf https://t.co/QJNOplrNSH
188,27-07-2022,#Options Flow Grid Update $TSLA #OptionsTrading #Tesla Shares ‚¨ÜÔ∏è6.51% to $827.3 #OptionsFlow #optiontrading #stocks #stock #StockMarket #investing #Investment https://t.co/I8hjTlEqg3 https://t.co/ldep5oYmiv
189,27-07-2022,#Options Flow Grid Update $T #OptionsTrading AT&amp;T Shares ‚¨ÜÔ∏è0.63% to $18.41 #OptionsFlow #streaming #stocks #stock #StockMarket #investing #Investment https://t.co/B7BWRcVOEf https://t.co/UISd7sPEwj
190,27-07-2022,#Options Flow Stream Update $AAPL $TSLA $BABA $EPD $SE $V $QQQ $SPX $SPY #OptionsTrading #OptionsFlow #optionstrade #optiontrading #stock #stocks #StockMarket #Investment #investing #invest #investor #investors #UOA https://t.co/Jj64hrpqst https://t.co/7Xt3v2lxR7
191,27-07-2022,Still haven‚Äôt bought any Apple stock and I‚Äôm pissed about it
207,27-07-2022,Dow jumps 550 points as Powell says Fed could slow pace of rate hikes @CNBC https://t.co/XztZZsiL4J
192,27-07-2022,RT @amtvmedia: UP ONLY üÜô  https://t.co/rs5HUdXgMc
194,27-07-2022,#Options Flow Grid Update $F #OptionsTrading #Ford Shares ‚¨ÜÔ∏è4.78% to $13.14 #OptionsFlow #stocks #stock #StockMarket #investing #Investment #Vehicle #manufacturer #consumers #consumer #ElectricVehicle #electriccars https://t.co/I8hjTlEqg3 https://t.co/bgYOWbyOai
195,27-07-2022,UP ONLY üÜô  https://t.co/rs5HUdXgMc
196,27-07-2022,"ALERT Toronto Stock Exchange
First Quantum Minerals Ltd 
$FM.TO 20.6 
up +7.8%  
15:50 
https://t.co/19G0c2JfYs"
197,27-07-2022,@gggiants I wholeheartedly loved that trade - Beltran was a great hitter and defender - it just didn‚Äôt pan out - at the time Zach Wheeler wasn‚Äôt much - who knew 10 years later he would be - if someone is saying that they‚Äôd be super rich by buying all that Amazon and Apple stock
198,27-07-2022,$AMZN Has A Neutral #Technical Analysis Score (TA Score). Breakdown Of 3 Categories: #candle score Neutral; moving average score Neutral; #momentum score Excellent #stocks #stock #StockMarket #Investment #investing https://t.co/B7BWRcVOEf https://t.co/4xj70EZw7V
199,27-07-2022,Jim Cramer offers his favorite stock picks for 3 possible recession scenarios @CNBC https://t.co/rCripke574
200,27-07-2022,"Apple has clearance 27"" 5K iMacs in stock starting at $1299, Certified Refurbished: https://t.co/AUI802e030"
201,27-07-2022,HUBEOS MARKET ALERT @ 2022-07-27 15:10: +3.08% GAIN in AAPL Stock (Apple) ‚Äì Price $156.27. More info: https://t.co/rcDa9PANEW. RT #stockmarket #marketalert https://t.co/LMEjfloTT1
202,27-07-2022,$NVDA Has A Poor #Technical Analysis Score (TA Score). Breakdown Of 3 Categories: #candle score Neutral; moving average score Weak; #momentum score Weak #stocks #stock #StockMarket #Investment #investing https://t.co/I8hjTlEqg3 https://t.co/YKKzckYf0G
203,27-07-2022,$CCL Has A Poor #Technical Analysis Score (TA Score). Breakdown Of 3 Categories: #candle score Poor; moving average score Poor; #momentum score Neutral #stocks #stock #StockMarket #Investment #investing https://t.co/I8hjTlEqg3 https://t.co/fzFETHsU7H
204,27-07-2022,"In this new episode, I chat with @Spencerjakab about his fantastic book diving deep into 2021's meme stock craze.

We discuss who ACTUALLY made money, and he also debunks some conspiracy theories around the events

Apple: https://t.co/ZdRGtfg7sh
Spotify: https://t.co/PkGuxuIwgV https://t.co/joGJlegjES"
205,27-07-2022,"Dow jumps 450 points, Nasdaq jumps 4% as Powell says Fed could slow pace of rate hikes @CNBC https://t.co/mRVxketc0c"
180,27-07-2022,Google stock notches second-best day of 2022 after earnings release @CNBC https://t.co/O8xCIsDHEF
206,27-07-2022,#Options Flow Stream Update $AMZN $TSLA $TWTR $META $SPY $NDX $IWM $SPX  #OptionsTrading #OptionsFlow #optionstrade #optiontrading #stock #stocks #StockMarket #Investment #investing #invest #investor #investors #UOA https://t.co/Jj64hrpqst https://t.co/cxw5c1Cw2C
185,27-07-2022,Dow jumps 550 points as Powell says Fed could slow pace of rate hikes  https://t.co/WHF3Qsd5Ta
119,27-07-2022,$AAPL Has A Neutral #Technical Analysis Score (TA Score). Breakdown Of 3 Categories: #candle score Poor; moving average score Good; #momentum score Excellent #stocks #stock #StockMarket #Investment #investing https://t.co/B7BWRcVOEf https://t.co/NMVJlNYBL7
211,27-07-2022,"#T-Mobile $TMUS Has A Neutral #Fundamental Analysis Score (FA Score). Check various FA Indicators' value, score, 5-year chart like P/E, P/B, P/S, D/E, ROE, ROA, ROIC, Gross Margin, EBITDA, etc #stocks #stock #StockMarket #Investment #investing https://t.co/Gr3YvQQ4OY https://t.co/ce4sPc2kUL"
212,27-07-2022,$SNAP Has A Poor #Technical Analysis Score (TA Score). Breakdown Of 3 Categories: #candle score Weak; moving average score Poor; #momentum score Poor #stocks #stock #StockMarket #Investment #investing https://t.co/B7BWRcVOEf https://t.co/KASV8ThyNx
213,27-07-2022,$GOOGL Has A Weak #Technical Analysis Score (TA Score). Breakdown Of 3 Categories: #candle score Neutral; moving average score Poor; #momentum score Neutral #stocks #stock #StockMarket #Investment #investing https://t.co/I8hjTlEqg3 https://t.co/tFe3q0qO0G
214,27-07-2022,RT @henshelwoods: We've just taken delivery of a fresh stock of the wonderful Burren Balsamics infused vinegars and there's a new flavour t‚Ä¶
215,27-07-2022,#Options Flow Stream Update $AMZN $TSLA $TWTR $META $SPY $NDX $IWM $SPX  #OptionsTrading #OptionsFlow #optionstrade #optiontrading #stock #stocks #StockMarket #Investment #investing #invest #investor #investors #UOA https://t.co/B7BWRcVOEf https://t.co/nx6B1q0xau
216,27-07-2022,"We've just taken delivery of a fresh stock of the wonderful Burren Balsamics infused vinegars and there's a new flavour to tickle your taste buds - Armagh Bramley Apple - that's already won a great taste award! Add it to your basket this weekend.
See you at the counter.  üßÄ https://t.co/anB4spDQsX"
208,27-07-2022,"$SEDG company #profile, #Fundamental and #Technical Analysis Score Update (FA Score, TA Score) #stocks #stock #StockMarket #Investment #investing #invest #investor #investors https://t.co/Gr3YvQQ4OY https://t.co/QuDBLh6SCC"
218,27-07-2022,"$MSFT company #profile, #Fundamental and #Technical Analysis Score Update (FA Score, TA Score) #stocks #stock #StockMarket #Investment #investing #invest #investor #investors https://t.co/I8hjTlEqg3 https://t.co/DfhUdQj0h1"
219,27-07-2022,"#T-Mobile $TMUS Has A Neutral #Fundamental Analysis Score (FA Score). Check various FA Indicators' value, score, 5-year chart like P/E, P/B, P/S, D/E, ROE, ROA, ROIC, Gross Margin, EBITDA, etc #stocks #stock #StockMarket #Investment #investing https://t.co/Gr3YvQQ4OY https://t.co/i8hF2aZhtE"
220,27-07-2022,RT @ZKCapital_LLC: Headlines by CNBC could indicate Apple‚Äôs new car software could be a trojan horse into the automotive industry. The Appl‚Ä¶
221,27-07-2022,"ALERT Toronto Stock Exchange
Tamarack Valley Energy Ltd 
$TVE.TO 4.41 
up +5.76%  
14:50 
https://t.co/19G0c2JfYs"
209,27-07-2022,"$MSFT #Microsoft #Options #maxpain Chart, Open Interest Chart Update #OptionsTrading #OptionsFlow #optionstrade #optiontrading #stocks #stock #StockMarket #Investment #investing #invest #investor #investors #UOA https://t.co/Gr3YvQQ4OY https://t.co/78glfo0lGy"
222,27-07-2022,"RT @FunkyFlip: $TGHI
‚úÖMark White the CEO has led in excess of 25 mergers and acquisitions 
‚úÖMartin Ward the CFO took an #OTC stock to the #‚Ä¶"
217,27-07-2022,"$HUM company #profile, #Fundamental and #Technical Analysis Score Update (FA Score, TA Score) #stocks #stock #StockMarket #Investment #investing #invest #investor #investors https://t.co/B7BWRcVOEf https://t.co/FjVz957phd"
225,27-07-2022,"ALERT Toronto Stock Exchange
Ballard Power Systems Inc 
$BLDP.TO 8.95 
up +5.17%  
14:40 
https://t.co/19G0c2JfYs"
226,27-07-2022,"#Warner Bros $WBD Has A Neutral #Fundamental Analysis Score (FA Score). Check various FA Indicators' value, score, 5-year chart like P/E, P/B, P/S, D/E, ROE, ROA, ROIC, Gross Margin, EBITDA, etc #stocks #stock #StockMarket #Investment #investing https://t.co/Gr3YvQQ4OY https://t.co/jgN5HdqxLd"
227,27-07-2022,"$TENB company #profile, #Fundamental and #Technical Analysis Score Update (FA Score, TA Score) #stocks #stock #StockMarket #Investment #investing #invest #investor #investors https://t.co/B7BWRcVOEf https://t.co/CHFJpJgL3H"
228,27-07-2022,"Finally, I Can Breath. Market Bottom. Fresh Stock Upgrades. I AM GREEN. BUY MORE NOW $TSLA $QQQ $SPY #investing #crypto #ukraine #usa $PINS $META $SNAP $AAPL $GOOGL $SPOT $NVDA $MSFT $PYPL $AMD $CMG #earnings $COST https://t.co/MFQcqhiUZI"
229,27-07-2022,"$QCOM company #profile, #Fundamental and #Technical Analysis Score Update (FA Score, TA Score) #stocks #stock #StockMarket #Investment #investing #invest #investor #investors https://t.co/I8hjTlEqg3 https://t.co/uMwLjl5Wbz"
230,27-07-2022,"$NAK company #profile, #Fundamental and #Technical Analysis Score Update (FA Score, TA Score) #stocks #stock #StockMarket #Investment #investing #invest #investor #investors https://t.co/B7BWRcVOEf https://t.co/ecV6cPrQnU"
231,27-07-2022,"ALERT Toronto Stock Exchange
Stelco Holdings Inc 
$STLC.TO 35.13 
up +8.96%  
14:51 
https://t.co/19G0c2JfYs"
232,27-07-2022,"$CCJ company #profile, #Fundamental and #Technical Analysis Score Update (FA Score, TA Score) #stocks #stock #StockMarket #Investment #investing #invest #investor #investors https://t.co/I8hjTlEqg3 https://t.co/nvdyBWaptk"
224,27-07-2022,"ALERT Toronto Stock Exchange
Nexgen Energy Ltd 
$NXE.TO 5.36 
up +7.85%  
14:50 
https://t.co/19G0c2JfYs"
233,27-07-2022,"$GRMN company #profile, #Fundamental and #Technical Analysis Score Update (FA Score, TA Score) #stocks #stock #StockMarket #Investment #investing #invest #investor #investors https://t.co/B7BWRcVOEf https://t.co/rgBPJDB48Z"
234,27-07-2022,"Dow jumps 370 points, Nasdaq jumps more than 3% as Powell says Fed could slow pace of rate hikes @CNBC https://t.co/51Xm8aIoaQ"
235,27-07-2022,"$TMUS company #profile, #Fundamental and #Technical Analysis Score Update (FA Score, TA Score) #stocks #stock #StockMarket #Investment #investing #invest #investor #investors https://t.co/I8hjTlEqg3 https://t.co/aAR66khyyP"
223,27-07-2022,"ALERT Toronto Stock Exchange
Shopify Inc 
$SHOP.TO 45.13 
up +10.91%  
14:51 
https://t.co/19G0c2JfYs"
236,01-08-2022,"Apple‚Äôs stock fell 60% over two years before Steve Jobs‚Äô return in 1997.

When he was back, Jobs said:

‚ÄúThe best thing we can do is keep our eye on the prize‚Ä¶the stock will take care of itself.‚Äù

A year later, the stock was up 80%.
https://t.co/sa5BQckh3g"
237,03-08-2022,"Went to Apple Store for AirTags. Sold out. 

Sales rep. said there's new stock daily. But all go within 30mins of being on shelves. Sales rocketing because of airports/airlines losing luggage.

This helps lock users into iPhones + may drive upgrades for Precision Finding. 
üçèüì±üì∂"
238,05-08-2022,"@caribbeanxblue @gabo2s @kocienda Alright, people like you made Apple behave in this way today. No doubt Tim Cook can enjoy the high stock price but we don‚Äôt have great products anymore."
239,05-08-2022,"STOCK, OPTIONS updates, alerts Free chatroom
Don't forget to take a trial! 

https://t.co/11Rmty9GN8

$BTC $ETH  $TWTR  $AAPL  $BABA $AAL $TSLA $XRP $AMZN $FB https://t.co/cGen24GytB"
240,05-08-2022,#Options Flow Stream Update $AMZN $TSLA $BAC $HYG $NDX $SPX #OptionsTrading #OptionsFlow #optionstrade #optiontrading #stock #stocks #StockMarket #Investment #investing #invest #investor #investors #UOA https://t.co/B7BWRcVOEf https://t.co/vQmJ9SiI5M
241,05-08-2022,#Options Flow Stream Update $AMZN $TSLA $BAC $HYG $NDX $SPX #OptionsTrading #OptionsFlow #optionstrade #optiontrading #stock #stocks #StockMarket #Investment #investing #invest #investor #investors #UOA https://t.co/Jj64hrpqst https://t.co/btRPl6xGiK
242,05-08-2022,"$GT company #profile, #Fundamental and #Technical Analysis Score Update (FA Score, TA Score) #stocks #stock #StockMarket #Investment #investing #invest #investor #investors https://t.co/Gr3YvQQ4OY https://t.co/qFFGQcOtTs"
243,05-08-2022,"$MHK company #profile, #Fundamental and #Technical Analysis Score Update (FA Score, TA Score) #stocks #stock #StockMarket #Investment #investing #invest #investor #investors https://t.co/Gr3YvQQ4OY https://t.co/NPbJMEXW3p"
244,05-08-2022,"Democrats love to hate corporate America ü§î

‚Äú‚Ä¶ To compensate, Democrats may add a 1% excise tax on stock buybacks for publicly traded companies, The Wall Street Journal reported, citing a person familiar with the matter.
 https://t.co/3I1pfwK9kD"
245,05-08-2022,RT @MichaelOngRisk: Stocks fall after strong July jobs report points to more Fed action @CNBC #stocks #Dow #Nasdaq $SPX #markets #jobs #une‚Ä¶
246,05-08-2022,"$RL #Ralph Lauren #Options Power, #Options #maxpain Chart, Open Interest Chart Update #OptionsTrading #OptionsFlow #optionstrade #optiontrading #stocks #stock #StockMarket #Investment #investing #invest #investor #investors #UOA https://t.co/Gr3YvQQ4OY https://t.co/RrgfS2Fn7X"
247,05-08-2022,Stocks fall after strong July jobs report points to more Fed action @CNBC #stocks #Dow #Nasdaq $SPX #markets #jobs #unemployment #Fed #ratehikes #monetary #economy  https://t.co/3iAlteaPd4
248,05-08-2022,#Options Flow Stream Update $AMZN $TSLA $BAC $HYG $NDX $SPX #OptionsTrading #OptionsFlow #optionstrade #optiontrading #stock #stocks #StockMarket #Investment #investing #invest #investor #investors #UOA https://t.co/I8hjTlEqg3 https://t.co/00rLYBlMxM
249,05-08-2022,Live: Stocks fall after strong July jobs report points to more Fed action @CNBC https://t.co/RYfYtYX83f
